# channel,epoch_s,temperature
temperature,1700000000.000,2.13232
temperature,1700000000.250,2.17955
temperature,1700000000.500,2.06719
temperature,1700000000.750,2.07343
temperature,1700000001.000,2.09033
temperature,1700000001.250,2.11542
temperature,1700000001.500,2.10580
temperature,1700000001.750,2.13127
temperature,1700000002.000,2.04490
temperature,1700000002.250,2.12113
temperature,1700000002.500,2.06431
temperature,1700000002.750,5.09440
temperature,1700000003.000,2.18712
temperature,1700000003.250,2.03198
temperature,1700000003.500,2.08811
temperature,1700000003.750,2.03856
temperature,1700000004.000,2.11017
temperature,1700000004.250,2.15517
temperature,1700000004.500,2.11151
temperature,1700000004.750,2.09748
temperature,1700000005.000,2.17005
temperature,1700000005.250,2.12049
temperature,1700000005.500,2.14531
temperature,1700000005.750,2.14049
temperature,1700000006.000,1.96134
temperature,1700000006.250,2.10178
temperature,1700000006.500,2.05220
temperature,1700000006.750,2.06517
temperature,1700000007.000,2.18094
temperature,1700000007.250,2.08909
temperature,1700000007.500,2.20312
temperature,1700000007.750,2.03882
temperature,1700000008.000,2.05578
temperature,1700000008.250,2.14889
temperature,1700000008.500,2.09458
temperature,1700000008.750,2.12794
temperature,1700000009.000,2.10795
temperature,1700000009.250,2.10750
temperature,1700000009.500,2.10054
temperature,1700000009.750,2.12593
temperature,1700000010.000,2.15031
temperature,1700000010.250,2.20030
temperature,1700000010.500,2.11088
temperature,1700000010.750,2.10285
temperature,1700000011.000,2.09801
temperature,1700000011.250,2.19932
temperature,1700000011.500,2.16215
temperature,1700000011.750,2.03457
temperature,1700000012.000,2.03436
temperature,1700000012.250,2.09212
temperature,1700000012.500,2.14734
temperature,1700000012.750,2.13648
temperature,1700000013.000,2.16633
temperature,1700000013.250,2.13438
temperature,1700000013.500,2.21570
temperature,1700000013.750,2.18723
temperature,1700000014.000,2.15543
temperature,1700000014.250,2.21187
temperature,1700000014.500,2.07534
temperature,1700000014.750,2.15685
temperature,1700000015.000,2.17143
temperature,1700000015.250,2.19825
temperature,1700000015.500,2.08611
temperature,1700000015.750,2.16271
temperature,1700000016.000,2.19975
temperature,1700000016.250,2.20772
temperature,1700000016.500,2.24744
temperature,1700000016.750,2.23062
temperature,1700000017.000,2.19405
temperature,1700000017.250,2.23552
temperature,1700000017.500,2.19652
temperature,1700000017.750,2.21887
temperature,1700000018.000,2.25635
temperature,1700000018.250,2.21954
temperature,1700000018.500,2.24523
temperature,1700000018.750,2.28063
temperature,1700000019.000,2.27372
temperature,1700000019.250,2.30544
temperature,1700000019.500,2.36595
temperature,1700000019.750,2.29053
temperature,1700000020.000,2.23826
temperature,1700000020.250,2.29294
temperature,1700000020.500,2.29689
temperature,1700000020.750,2.31029
temperature,1700000021.000,2.36059
temperature,1700000021.250,2.20791
temperature,1700000021.500,2.37412
temperature,1700000021.750,2.39730
temperature,1700000022.000,2.33955
temperature,1700000022.250,2.34713
temperature,1700000022.500,2.31182
temperature,1700000022.750,2.33058
temperature,1700000023.000,2.37150
temperature,1700000023.250,2.37459
temperature,1700000023.500,2.38520
temperature,1700000023.750,2.38670
temperature,1700000024.000,2.40642
temperature,1700000024.250,2.40688
temperature,1700000024.500,2.32228
temperature,1700000024.750,2.42096
temperature,1700000025.000,2.47800
temperature,1700000025.250,2.38933
temperature,1700000025.500,2.47109
temperature,1700000025.750,2.35554
temperature,1700000026.000,2.40505
temperature,1700000026.250,2.37942
temperature,1700000026.500,2.48520
temperature,1700000026.750,2.50282
temperature,1700000027.000,2.42017
temperature,1700000027.250,2.48781
temperature,1700000027.500,2.51567
temperature,1700000027.750,2.43514
temperature,1700000028.000,2.44668
temperature,1700000028.250,2.48001
temperature,1700000028.500,2.40408
temperature,1700000028.750,2.45431
temperature,1700000029.000,2.55827
temperature,1700000029.250,2.42817
temperature,1700000029.500,2.49761
temperature,1700000029.750,2.48257
temperature,1700000030.000,2.44935
temperature,1700000030.250,2.46948
temperature,1700000030.500,2.54659
temperature,1700000030.750,2.48690
temperature,1700000031.000,2.49466
temperature,1700000031.250,2.53887
temperature,1700000031.500,2.44371
temperature,1700000031.750,2.40488
temperature,1700000032.000,2.54440
temperature,1700000032.250,2.46127
temperature,1700000032.500,-0.50271
temperature,1700000032.750,2.41238
temperature,1700000033.000,2.46753
temperature,1700000033.250,2.39060
temperature,1700000033.500,2.44570
temperature,1700000033.750,2.40692
temperature,1700000034.000,2.39200
temperature,1700000034.250,2.41704
temperature,1700000034.500,2.31361
temperature,1700000034.750,2.36614
temperature,1700000035.000,2.45890
temperature,1700000035.250,2.43260
temperature,1700000035.500,2.35676
temperature,1700000035.750,2.43292
temperature,1700000036.000,2.35651
temperature,1700000036.250,2.43126
temperature,1700000036.500,2.38396
temperature,1700000036.750,2.36794
temperature,1700000037.000,2.37397
temperature,1700000037.250,2.50071
temperature,1700000037.500,2.32891
temperature,1700000037.750,2.37221
temperature,1700000038.000,2.39390
temperature,1700000038.250,2.30059
temperature,1700000038.500,2.26283
temperature,1700000038.750,2.30628
temperature,1700000039.000,2.36807
temperature,1700000039.250,2.30674
temperature,1700000039.500,2.30602
temperature,1700000039.750,2.35685
temperature,1700000040.000,2.26474
temperature,1700000040.250,2.29439
temperature,1700000040.500,2.21694
temperature,1700000040.750,2.30251
temperature,1700000041.000,2.29185
temperature,1700000041.250,2.31410
temperature,1700000041.500,2.21108
temperature,1700000041.750,2.25284
temperature,1700000042.000,2.19268
temperature,1700000042.250,2.23856
temperature,1700000042.500,2.31930
temperature,1700000042.750,2.22362
temperature,1700000043.000,2.16592
temperature,1700000043.250,2.19488
temperature,1700000043.500,2.14310
temperature,1700000043.750,2.15375
temperature,1700000044.000,2.24709
temperature,1700000044.250,2.13636
temperature,1700000044.500,2.21955
temperature,1700000044.750,2.20061
temperature,1700000045.000,2.16825
temperature,1700000045.250,2.20184
temperature,1700000045.500,2.13936
temperature,1700000045.750,2.22420
temperature,1700000046.000,2.14327
temperature,1700000046.250,2.15504
temperature,1700000046.500,2.14539
temperature,1700000046.750,2.20156
temperature,1700000047.000,2.19087
temperature,1700000047.250,2.02925
temperature,1700000047.500,2.16987
temperature,1700000047.750,2.06686
temperature,1700000048.000,2.13409
temperature,1700000048.250,2.14293
temperature,1700000048.500,2.12804
temperature,1700000048.750,2.16811
temperature,1700000049.000,2.17660
temperature,1700000049.250,2.09957
temperature,1700000049.500,2.09550
temperature,1700000049.750,2.13205
temperature,1700000050.000,2.05463
temperature,1700000050.250,2.10602
temperature,1700000050.500,2.19543
temperature,1700000050.750,2.05096
temperature,1700000051.000,2.10761
temperature,1700000051.250,2.09343
temperature,1700000051.500,2.22182
temperature,1700000051.750,2.09325
temperature,1700000052.000,2.09482
temperature,1700000052.250,2.06601
temperature,1700000052.500,2.11683
temperature,1700000052.750,2.12876
temperature,1700000053.000,2.06990
temperature,1700000053.250,2.16264
temperature,1700000053.500,2.12583
temperature,1700000053.750,-0.84601
temperature,1700000054.000,2.09417
temperature,1700000054.250,2.12197
temperature,1700000054.500,2.09843
temperature,1700000054.750,2.18130
temperature,1700000055.000,2.11360
temperature,1700000055.250,2.10763
temperature,1700000055.500,2.08374
temperature,1700000055.750,2.08034
temperature,1700000056.000,2.11755
temperature,1700000056.250,2.14620
temperature,1700000056.500,2.07058
temperature,1700000056.750,2.11075
temperature,1700000057.000,5.11327
temperature,1700000057.250,2.12165
temperature,1700000057.500,2.01805
temperature,1700000057.750,2.05691
temperature,1700000058.000,2.03459
temperature,1700000058.250,2.10428
temperature,1700000058.500,2.05737
temperature,1700000058.750,2.07740
temperature,1700000059.000,2.04230
temperature,1700000059.250,2.08168
temperature,1700000059.500,2.04548
temperature,1700000059.750,2.13943
temperature,1700000060.000,2.12536
temperature,1700000060.250,2.10904
temperature,1700000060.500,2.08658
temperature,1700000060.750,1.99995
temperature,1700000061.000,2.07909
temperature,1700000061.250,2.06411
temperature,1700000061.500,2.11475
temperature,1700000061.750,2.13359
temperature,1700000062.000,2.11907
temperature,1700000062.250,2.16624
temperature,1700000062.500,2.07495
temperature,1700000062.750,2.07317
temperature,1700000063.000,2.15586
temperature,1700000063.250,2.11262
temperature,1700000063.500,2.09232
temperature,1700000063.750,2.19739
temperature,1700000064.000,2.13437
temperature,1700000064.250,2.09641
temperature,1700000064.500,2.07213
temperature,1700000064.750,2.17327
temperature,1700000065.000,2.11784
temperature,1700000065.250,2.10931
temperature,1700000065.500,2.14253
temperature,1700000065.750,2.15340
temperature,1700000066.000,2.13760
temperature,1700000066.250,2.15508
temperature,1700000066.500,2.13426
temperature,1700000066.750,2.14030
temperature,1700000067.000,2.07690
temperature,1700000067.250,2.20497
temperature,1700000067.500,2.05381
temperature,1700000067.750,2.13206
temperature,1700000068.000,2.05091
temperature,1700000068.250,2.11407
temperature,1700000068.500,2.09171
temperature,1700000068.750,2.12844
temperature,1700000069.000,2.14019
temperature,1700000069.250,2.07681
temperature,1700000069.500,2.12476
temperature,1700000069.750,2.19760
temperature,1700000070.000,2.06408
temperature,1700000070.250,2.08886
temperature,1700000070.500,2.17656
temperature,1700000070.750,2.13945
temperature,1700000071.000,2.14528
temperature,1700000071.250,2.19109
temperature,1700000071.500,2.10262
temperature,1700000071.750,2.11881
temperature,1700000072.000,2.11521
temperature,1700000072.250,2.13261
temperature,1700000072.500,2.21978
temperature,1700000072.750,2.07064
temperature,1700000073.000,2.09900
temperature,1700000073.250,2.09356
temperature,1700000073.500,2.23517
temperature,1700000073.750,2.13773
temperature,1700000074.000,2.15561
temperature,1700000074.250,2.09481
temperature,1700000074.500,2.16615
temperature,1700000074.750,2.22645
temperature,1700000075.000,2.19974
temperature,1700000075.250,2.18579
temperature,1700000075.500,2.11716
temperature,1700000075.750,2.18334
temperature,1700000076.000,2.21153
temperature,1700000076.250,2.15916
temperature,1700000076.500,2.24618
temperature,1700000076.750,2.26249
temperature,1700000077.000,2.19671
temperature,1700000077.250,2.26445
temperature,1700000077.500,2.22779
temperature,1700000077.750,2.29586
temperature,1700000078.000,2.34552
temperature,1700000078.250,2.19454
temperature,1700000078.500,2.29319
temperature,1700000078.750,2.32555
temperature,1700000079.000,2.21742
temperature,1700000079.250,2.24292
temperature,1700000079.500,2.24815
temperature,1700000079.750,2.27667
temperature,1700000080.000,2.27139
temperature,1700000080.250,2.28523
temperature,1700000080.500,2.34302
temperature,1700000080.750,2.21233
temperature,1700000081.000,2.26444
temperature,1700000081.250,2.35266
temperature,1700000081.500,2.35284
temperature,1700000081.750,2.27829
temperature,1700000082.000,2.36521
temperature,1700000082.250,2.40955
temperature,1700000082.500,2.34669
temperature,1700000082.750,2.30464
temperature,1700000083.000,2.40462
temperature,1700000083.250,2.45279
temperature,1700000083.500,2.32802
temperature,1700000083.750,2.37989
temperature,1700000084.000,2.43794
temperature,1700000084.250,2.39459
temperature,1700000084.500,2.30673
temperature,1700000084.750,2.42140
temperature,1700000085.000,2.35530
temperature,1700000085.250,2.34555
temperature,1700000085.500,2.32739
temperature,1700000085.750,2.47782
temperature,1700000086.000,2.38091
temperature,1700000086.250,2.44346
temperature,1700000086.500,2.45970
temperature,1700000086.750,2.44259
temperature,1700000087.000,2.45286
temperature,1700000087.250,2.46040
temperature,1700000087.500,2.45133
temperature,1700000087.750,2.40927
temperature,1700000088.000,2.40741
temperature,1700000088.250,2.44699
temperature,1700000088.500,2.44803
temperature,1700000088.750,2.47765
temperature,1700000089.000,2.51284
temperature,1700000089.250,2.47627
temperature,1700000089.500,2.41957
temperature,1700000089.750,2.35182
temperature,1700000090.000,2.42293
temperature,1700000090.250,2.39437
temperature,1700000090.500,2.42502
temperature,1700000090.750,2.47331
temperature,1700000091.000,2.46481
temperature,1700000091.250,2.55261
temperature,1700000091.500,2.48270
temperature,1700000091.750,2.55257
temperature,1700000092.000,2.49117
temperature,1700000092.250,2.50774
temperature,1700000092.500,2.43329
temperature,1700000092.750,2.39503
temperature,1700000093.000,2.42358
temperature,1700000093.250,2.44247
temperature,1700000093.500,2.40845
temperature,1700000093.750,2.38637
temperature,1700000094.000,2.45361
temperature,1700000094.250,2.37862
temperature,1700000094.500,2.34814
temperature,1700000094.750,2.36443
temperature,1700000095.000,2.40436
temperature,1700000095.250,2.36188
temperature,1700000095.500,2.39521
temperature,1700000095.750,2.43166
temperature,1700000096.000,2.42524
temperature,1700000096.250,2.35821
temperature,1700000096.500,2.32066
temperature,1700000096.750,2.35157
temperature,1700000097.000,2.40751
temperature,1700000097.250,2.41347
temperature,1700000097.500,2.38085
temperature,1700000097.750,2.41740
temperature,1700000098.000,2.43784
temperature,1700000098.250,2.32122
temperature,1700000098.500,2.41366
temperature,1700000098.750,2.32023
temperature,1700000099.000,2.37815
temperature,1700000099.250,2.35647
temperature,1700000099.500,2.21606
temperature,1700000099.750,2.26049
temperature,1700000100.000,2.24163
temperature,1700000100.250,2.20752
temperature,1700000100.500,2.33454
temperature,1700000100.750,2.38801
temperature,1700000101.000,2.26573
temperature,1700000101.250,2.31541
temperature,1700000101.500,2.34110
temperature,1700000101.750,2.27151
temperature,1700000102.000,2.25414
temperature,1700000102.250,2.23751
temperature,1700000102.500,2.27115
temperature,1700000102.750,2.28257
temperature,1700000103.000,2.25660
temperature,1700000103.250,2.24965
temperature,1700000103.500,2.22059
temperature,1700000103.750,2.13849
temperature,1700000104.000,2.25813
temperature,1700000104.250,2.14423
temperature,1700000104.500,2.23476
temperature,1700000104.750,2.23704
temperature,1700000105.000,2.13781
temperature,1700000105.250,2.16014
temperature,1700000105.500,-0.70756
temperature,1700000105.750,2.17835
temperature,1700000106.000,2.11739
temperature,1700000106.250,2.21465
temperature,1700000106.500,2.13231
temperature,1700000106.750,2.07138
temperature,1700000107.000,2.18998
temperature,1700000107.250,2.11487
temperature,1700000107.500,2.17359
temperature,1700000107.750,2.11385
temperature,1700000108.000,2.18691
temperature,1700000108.250,2.15792
temperature,1700000108.500,2.01659
temperature,1700000108.750,2.16257
temperature,1700000109.000,2.12651
temperature,1700000109.250,2.20947
temperature,1700000109.500,2.15614
temperature,1700000109.750,2.17204
temperature,1700000110.000,2.09666
temperature,1700000110.250,2.09073
temperature,1700000110.500,2.12709
temperature,1700000110.750,2.10858
temperature,1700000111.000,2.19184
temperature,1700000111.250,2.11568
temperature,1700000111.500,2.06060
temperature,1700000111.750,2.07904
temperature,1700000112.000,2.16732
temperature,1700000112.250,2.10943
temperature,1700000112.500,2.10556
temperature,1700000112.750,2.16847
temperature,1700000113.000,2.06865
temperature,1700000113.250,2.00163
temperature,1700000113.500,2.06980
temperature,1700000113.750,2.12366
temperature,1700000114.000,2.09824
temperature,1700000114.250,2.03191
temperature,1700000114.500,5.16001
temperature,1700000114.750,2.11669
temperature,1700000115.000,2.12733
temperature,1700000115.250,2.12826
temperature,1700000115.500,2.04179
temperature,1700000115.750,2.12134
temperature,1700000116.000,2.15109
temperature,1700000116.250,2.16228
temperature,1700000116.500,2.14090
temperature,1700000116.750,2.13011
temperature,1700000117.000,2.01722
temperature,1700000117.250,2.10301
temperature,1700000117.500,2.05561
temperature,1700000117.750,2.16726
temperature,1700000118.000,2.15941
temperature,1700000118.250,2.05511
temperature,1700000118.500,2.10011
temperature,1700000118.750,2.11463
temperature,1700000119.000,2.14705
temperature,1700000119.250,2.01805
temperature,1700000119.500,1.99119
temperature,1700000119.750,2.10343
temperature,1700000120.000,1.97679
temperature,1700000120.250,2.11160
temperature,1700000120.500,2.13363
temperature,1700000120.750,2.16619
temperature,1700000121.000,2.07365
temperature,1700000121.250,2.11327
temperature,1700000121.500,2.13825
temperature,1700000121.750,2.04739
temperature,1700000122.000,2.15248
temperature,1700000122.250,2.12100
temperature,1700000122.500,2.07764
temperature,1700000122.750,2.11564
temperature,1700000123.000,2.10232
temperature,1700000123.250,2.14906
temperature,1700000123.500,2.09285
temperature,1700000123.750,2.12310
temperature,1700000124.000,2.08163
temperature,1700000124.250,2.06679
temperature,1700000124.500,2.12332
temperature,1700000124.750,2.07104
temperature,1700000125.000,2.15711
temperature,1700000125.250,2.14797
temperature,1700000125.500,2.08147
temperature,1700000125.750,2.13185
temperature,1700000126.000,2.08421
temperature,1700000126.250,2.04409
temperature,1700000126.500,2.09616
temperature,1700000126.750,2.12531
temperature,1700000127.000,2.15580
temperature,1700000127.250,2.13922
temperature,1700000127.500,2.17925
temperature,1700000127.750,2.08703
temperature,1700000128.000,2.11960
temperature,1700000128.250,2.22311
temperature,1700000128.500,2.04691
temperature,1700000128.750,2.12357
temperature,1700000129.000,2.09541
temperature,1700000129.250,2.14217
temperature,1700000129.500,2.13330
temperature,1700000129.750,2.18835
temperature,1700000130.000,2.17436
temperature,1700000130.250,2.09979
temperature,1700000130.500,2.13929
temperature,1700000130.750,2.17245
temperature,1700000131.000,2.21333
temperature,1700000131.250,2.30205
temperature,1700000131.500,2.21973
temperature,1700000131.750,2.13828
temperature,1700000132.000,2.18868
temperature,1700000132.250,2.20702
temperature,1700000132.500,2.17674
temperature,1700000132.750,2.23110
temperature,1700000133.000,2.09903
temperature,1700000133.250,2.24539
temperature,1700000133.500,2.19918
temperature,1700000133.750,2.22291
temperature,1700000134.000,2.30719
temperature,1700000134.250,2.17645
temperature,1700000134.500,2.25889
temperature,1700000134.750,2.29079
temperature,1700000135.000,2.26555
temperature,1700000135.250,2.18235
temperature,1700000135.500,2.33668
temperature,1700000135.750,2.26478
temperature,1700000136.000,2.25522
temperature,1700000136.250,2.27239
temperature,1700000136.500,2.27517
temperature,1700000136.750,2.24116
temperature,1700000137.000,2.31535
temperature,1700000137.250,2.28369
temperature,1700000137.500,2.35355
temperature,1700000137.750,2.35234
temperature,1700000138.000,2.41419
temperature,1700000138.250,2.32874
temperature,1700000138.500,2.30553
temperature,1700000138.750,2.27853
temperature,1700000139.000,2.46795
temperature,1700000139.250,2.39757
temperature,1700000139.500,2.33594
temperature,1700000139.750,2.46121
temperature,1700000140.000,2.45025
temperature,1700000140.250,2.32063
temperature,1700000140.500,-0.64387
temperature,1700000140.750,2.39265
temperature,1700000141.000,2.35106
temperature,1700000141.250,2.40485
temperature,1700000141.500,2.45020
temperature,1700000141.750,2.35067
temperature,1700000142.000,2.43850
temperature,1700000142.250,2.48656
temperature,1700000142.500,2.45221
temperature,1700000142.750,2.43223
temperature,1700000143.000,2.40617
temperature,1700000143.250,2.48441
temperature,1700000143.500,2.38705
temperature,1700000143.750,5.46078
temperature,1700000144.000,2.45238
temperature,1700000144.250,2.50956
temperature,1700000144.500,2.42602
temperature,1700000144.750,2.43184
temperature,1700000145.000,2.39590
temperature,1700000145.250,2.48081
temperature,1700000145.500,2.43840
temperature,1700000145.750,2.41682
temperature,1700000146.000,2.42160
temperature,1700000146.250,2.48650
temperature,1700000146.500,2.40389
temperature,1700000146.750,2.40741
temperature,1700000147.000,2.50171
temperature,1700000147.250,2.44705
temperature,1700000147.500,2.50129
temperature,1700000147.750,2.43341
temperature,1700000148.000,2.44890
temperature,1700000148.250,2.45406
temperature,1700000148.500,2.51262
temperature,1700000148.750,2.50529
temperature,1700000149.000,2.49414
temperature,1700000149.250,2.40127
temperature,1700000149.500,2.37935
temperature,1700000149.750,2.46248
temperature,1700000150.000,2.48880
temperature,1700000150.250,2.47342
temperature,1700000150.500,2.41105
temperature,1700000150.750,2.44171
temperature,1700000151.000,2.43734
temperature,1700000151.250,2.40210
temperature,1700000151.500,2.39870
temperature,1700000151.750,2.38828
temperature,1700000152.000,2.33813
temperature,1700000152.250,2.33728
temperature,1700000152.500,2.33045
temperature,1700000152.750,2.27942
temperature,1700000153.000,2.36031
temperature,1700000153.250,2.34485
temperature,1700000153.500,2.37864
temperature,1700000153.750,2.39721
temperature,1700000154.000,2.39398
temperature,1700000154.250,2.39228
temperature,1700000154.500,2.27708
temperature,1700000154.750,2.23692
temperature,1700000155.000,2.34866
temperature,1700000155.250,2.36486
temperature,1700000155.500,2.36722
temperature,1700000155.750,2.30739
temperature,1700000156.000,2.17708
temperature,1700000156.250,2.28904
temperature,1700000156.500,2.29244
temperature,1700000156.750,2.32127
temperature,1700000157.000,2.32423
temperature,1700000157.250,2.29241
temperature,1700000157.500,2.21184
temperature,1700000157.750,2.18414
temperature,1700000158.000,2.25679
temperature,1700000158.250,2.18509
temperature,1700000158.500,2.29321
temperature,1700000158.750,2.12908
temperature,1700000159.000,2.23765
temperature,1700000159.250,2.22040
temperature,1700000159.500,2.18934
temperature,1700000159.750,2.14882
temperature,1700000160.000,2.08751
temperature,1700000160.250,2.15969
temperature,1700000160.500,2.15637
temperature,1700000160.750,2.23359
temperature,1700000161.000,2.13494
temperature,1700000161.250,2.19294
temperature,1700000161.500,2.10205
temperature,1700000161.750,2.18716
temperature,1700000162.000,2.04789
temperature,1700000162.250,2.26130
temperature,1700000162.500,2.14637
temperature,1700000162.750,2.01072
temperature,1700000163.000,2.11170
temperature,1700000163.250,2.10107
temperature,1700000163.500,2.10946
temperature,1700000163.750,2.12152
temperature,1700000164.000,2.10425
temperature,1700000164.250,2.09430
temperature,1700000164.500,2.07503
temperature,1700000164.750,2.17201
temperature,1700000165.000,2.18903
temperature,1700000165.250,2.11440
temperature,1700000165.500,2.12450
temperature,1700000165.750,2.06742
temperature,1700000166.000,2.12572
temperature,1700000166.250,2.13219
temperature,1700000166.500,2.10832
temperature,1700000166.750,2.13778
temperature,1700000167.000,2.13217
temperature,1700000167.250,2.06286
temperature,1700000167.500,2.17412
temperature,1700000167.750,2.10306
temperature,1700000168.000,2.19625
temperature,1700000168.250,2.13258
temperature,1700000168.500,2.20926
temperature,1700000168.750,2.16868
temperature,1700000169.000,2.12053
temperature,1700000169.250,2.07232
temperature,1700000169.500,2.07275
temperature,1700000169.750,2.13388
temperature,1700000170.000,2.11382
temperature,1700000170.250,2.07668
temperature,1700000170.500,2.14730
temperature,1700000170.750,2.10713
temperature,1700000171.000,2.14672
temperature,1700000171.250,2.05561
temperature,1700000171.500,2.15400
temperature,1700000171.750,2.12874
temperature,1700000172.000,2.16326
temperature,1700000172.250,2.15196
temperature,1700000172.500,2.09858
temperature,1700000172.750,2.09432
temperature,1700000173.000,2.19151
temperature,1700000173.250,2.08762
temperature,1700000173.500,2.13938
temperature,1700000173.750,2.08272
temperature,1700000174.000,2.00853
temperature,1700000174.250,2.04011
temperature,1700000174.500,2.12164
temperature,1700000174.750,2.13628
temperature,1700000175.000,2.12157
temperature,1700000175.250,2.15830
temperature,1700000175.500,2.12047
temperature,1700000175.750,2.06206
temperature,1700000176.000,2.13046
temperature,1700000176.250,2.10915
temperature,1700000176.500,2.07183
temperature,1700000176.750,2.12418
temperature,1700000177.000,2.10446
temperature,1700000177.250,2.07020
temperature,1700000177.500,2.09151
temperature,1700000177.750,2.17104
temperature,1700000178.000,2.16937
temperature,1700000178.250,2.10970
temperature,1700000178.500,2.10313
temperature,1700000178.750,2.02858
temperature,1700000179.000,2.18618
temperature,1700000179.250,2.15201
temperature,1700000179.500,2.13777
temperature,1700000179.750,1.98641
temperature,1700000180.000,2.10218
temperature,1700000180.250,2.09379
temperature,1700000180.500,2.13430
temperature,1700000180.750,2.07762
temperature,1700000181.000,2.08859
temperature,1700000181.250,2.13116
temperature,1700000181.500,2.06153
temperature,1700000181.750,2.07152
temperature,1700000182.000,2.10990
temperature,1700000182.250,2.16718
temperature,1700000182.500,2.14069
temperature,1700000182.750,2.15406
temperature,1700000183.000,2.10347
temperature,1700000183.250,2.17508
temperature,1700000183.500,2.01329
temperature,1700000183.750,2.20148
temperature,1700000184.000,2.20798
temperature,1700000184.250,2.12324
temperature,1700000184.500,2.14205
temperature,1700000184.750,2.09857
temperature,1700000185.000,2.09001
temperature,1700000185.250,2.06998
temperature,1700000185.500,2.09810
temperature,1700000185.750,2.12838
temperature,1700000186.000,2.12161
temperature,1700000186.250,2.19998
temperature,1700000186.500,2.10570
temperature,1700000186.750,2.02628
temperature,1700000187.000,2.18298
temperature,1700000187.250,2.03976
temperature,1700000187.500,2.07287
temperature,1700000187.750,2.11447
temperature,1700000188.000,2.12179
temperature,1700000188.250,2.02871
temperature,1700000188.500,2.06370
temperature,1700000188.750,2.02704
temperature,1700000189.000,2.13221
temperature,1700000189.250,2.16035
temperature,1700000189.500,2.04014
temperature,1700000189.750,2.15107
temperature,1700000190.000,2.14788
temperature,1700000190.250,2.06845
temperature,1700000190.500,2.00233
temperature,1700000190.750,2.04796
temperature,1700000191.000,2.07183
temperature,1700000191.250,2.17874
temperature,1700000191.500,2.09580
temperature,1700000191.750,2.05144
temperature,1700000192.000,2.10925
temperature,1700000192.250,2.03716
temperature,1700000192.500,2.12771
temperature,1700000192.750,2.05319
temperature,1700000193.000,2.06052
temperature,1700000193.250,2.12099
temperature,1700000193.500,2.18980
temperature,1700000193.750,2.21226
temperature,1700000194.000,2.05045
temperature,1700000194.250,2.07269
temperature,1700000194.500,2.12838
temperature,1700000194.750,2.16112
temperature,1700000195.000,1.99456
temperature,1700000195.250,2.10721
temperature,1700000195.500,2.07857
temperature,1700000195.750,2.00681
temperature,1700000196.000,2.03623
temperature,1700000196.250,2.07478
temperature,1700000196.500,2.10619
temperature,1700000196.750,2.15374
temperature,1700000197.000,2.12113
temperature,1700000197.250,2.15087
temperature,1700000197.500,2.10491
temperature,1700000197.750,2.06841
temperature,1700000198.000,2.09455
temperature,1700000198.250,2.13859
temperature,1700000198.500,2.15552
temperature,1700000198.750,2.09657
temperature,1700000199.000,2.05758
temperature,1700000199.250,2.12090
temperature,1700000199.500,2.12809
temperature,1700000199.750,2.16589
temperature,1700000200.000,2.07039
temperature,1700000200.250,2.07100
temperature,1700000200.500,2.14227
temperature,1700000200.750,2.08415
temperature,1700000201.000,2.08210
temperature,1700000201.250,2.16735
temperature,1700000201.500,2.03615
temperature,1700000201.750,2.20756
temperature,1700000202.000,2.07417
temperature,1700000202.250,2.14819
temperature,1700000202.500,2.09946
temperature,1700000202.750,2.11851
temperature,1700000203.000,2.09184
temperature,1700000203.250,2.14785
temperature,1700000203.500,2.08769
temperature,1700000203.750,2.07644
temperature,1700000204.000,2.19578
temperature,1700000204.250,2.10661
temperature,1700000204.500,2.07138
temperature,1700000204.750,2.03067
temperature,1700000205.000,2.19848
temperature,1700000205.250,2.07762
temperature,1700000205.500,2.20832
temperature,1700000205.750,2.12517
temperature,1700000206.000,2.11238
temperature,1700000206.250,2.11372
temperature,1700000206.500,2.21603
temperature,1700000206.750,1.99561
temperature,1700000207.000,2.11593
temperature,1700000207.250,2.09194
temperature,1700000207.500,2.09453
temperature,1700000207.750,2.11263
temperature,1700000208.000,2.09182
temperature,1700000208.250,2.11452
temperature,1700000208.500,2.10390
temperature,1700000208.750,2.03937
temperature,1700000209.000,2.12408
temperature,1700000209.250,2.14078
temperature,1700000209.500,2.07783
temperature,1700000209.750,2.19829
temperature,1700000210.000,2.17162
temperature,1700000210.250,2.14699
temperature,1700000210.500,2.14633
temperature,1700000210.750,2.10619
temperature,1700000211.000,2.16170
temperature,1700000211.250,2.18311
temperature,1700000211.500,2.14492
temperature,1700000211.750,2.07594
temperature,1700000212.000,2.10241
temperature,1700000212.250,2.13301
temperature,1700000212.500,2.14614
temperature,1700000212.750,2.10031
temperature,1700000213.000,2.07578
temperature,1700000213.250,2.18326
temperature,1700000213.500,2.05036
temperature,1700000213.750,2.05683
temperature,1700000214.000,2.03747
temperature,1700000214.250,2.05657
temperature,1700000214.500,2.16604
temperature,1700000214.750,2.16764
temperature,1700000215.000,2.09981
temperature,1700000215.250,2.12825
temperature,1700000215.500,2.10283
temperature,1700000215.750,2.04368
temperature,1700000216.000,2.21411
temperature,1700000216.250,2.17186
temperature,1700000216.500,2.12077
temperature,1700000216.750,2.06017
temperature,1700000217.000,2.09164
temperature,1700000217.250,2.06819
temperature,1700000217.500,2.10761
temperature,1700000217.750,2.11815
temperature,1700000218.000,2.08552
temperature,1700000218.250,2.02978
temperature,1700000218.500,2.20903
temperature,1700000218.750,2.11423
temperature,1700000219.000,2.12511
temperature,1700000219.250,2.08109
temperature,1700000219.500,2.02404
temperature,1700000219.750,2.09790
temperature,1700000220.000,2.08584
temperature,1700000220.250,2.13741
temperature,1700000220.500,2.14717
temperature,1700000220.750,2.14005
temperature,1700000221.000,2.15115
temperature,1700000221.250,2.19186
temperature,1700000221.500,2.12110
temperature,1700000221.750,2.15651
temperature,1700000222.000,2.12618
temperature,1700000222.250,2.00643
temperature,1700000222.500,2.09365
temperature,1700000222.750,2.05794
temperature,1700000223.000,2.11284
temperature,1700000223.250,2.06167
temperature,1700000223.500,2.13145
temperature,1700000223.750,2.15017
temperature,1700000224.000,2.16125
temperature,1700000224.250,2.18199
temperature,1700000224.500,2.01718
temperature,1700000224.750,2.04099
temperature,1700000225.000,2.24728
temperature,1700000225.250,2.15133
temperature,1700000225.500,2.11204
temperature,1700000225.750,2.10238
temperature,1700000226.000,2.09790
temperature,1700000226.250,2.00402
temperature,1700000226.500,2.06205
temperature,1700000226.750,2.09504
temperature,1700000227.000,2.06481
temperature,1700000227.250,2.07132
temperature,1700000227.500,2.22848
temperature,1700000227.750,2.08794
temperature,1700000228.000,2.11440
temperature,1700000228.250,2.11259
temperature,1700000228.500,2.12991
temperature,1700000228.750,2.07655
temperature,1700000229.000,2.16274
temperature,1700000229.250,2.12255
temperature,1700000229.500,2.03599
temperature,1700000229.750,2.09496
temperature,1700000230.000,2.09171
temperature,1700000230.250,2.08939
temperature,1700000230.500,2.12574
temperature,1700000230.750,2.13200
temperature,1700000231.000,2.12608
temperature,1700000231.250,2.11718
temperature,1700000231.500,2.10450
temperature,1700000231.750,1.99265
temperature,1700000232.000,2.13909
temperature,1700000232.250,2.12460
temperature,1700000232.500,2.05093
temperature,1700000232.750,2.11419
temperature,1700000233.000,2.13255
temperature,1700000233.250,2.15870
temperature,1700000233.500,2.12565
temperature,1700000233.750,2.11620
temperature,1700000234.000,2.14745
temperature,1700000234.250,2.08478
temperature,1700000234.500,2.12070
temperature,1700000234.750,2.06904
temperature,1700000235.000,2.15560
temperature,1700000235.250,2.01960
temperature,1700000235.500,2.14091
temperature,1700000235.750,2.10096
temperature,1700000236.000,2.14833
temperature,1700000236.250,2.06103
temperature,1700000236.500,2.10456
temperature,1700000236.750,2.10308
temperature,1700000237.000,2.12174
temperature,1700000237.250,2.04767
temperature,1700000237.500,2.13185
temperature,1700000237.750,2.00774
temperature,1700000238.000,2.06664
temperature,1700000238.250,2.02190
temperature,1700000238.500,2.14144
temperature,1700000238.750,2.12003
temperature,1700000239.000,2.12283
temperature,1700000239.250,2.17368
temperature,1700000239.500,2.08422
temperature,1700000239.750,2.13050
temperature,1700000240.000,2.10334
temperature,1700000240.250,2.09573
temperature,1700000240.500,2.16538
temperature,1700000240.750,2.20414
temperature,1700000241.000,2.07848
temperature,1700000241.250,2.14175
temperature,1700000241.500,2.11602
temperature,1700000241.750,2.11663
temperature,1700000242.000,2.11244
temperature,1700000242.250,-0.91656
temperature,1700000242.500,1.92085
temperature,1700000242.750,2.17685
temperature,1700000243.000,2.06539
temperature,1700000243.250,2.08806
temperature,1700000243.500,2.08913
temperature,1700000243.750,2.06097
temperature,1700000244.000,2.11219
temperature,1700000244.250,2.09798
temperature,1700000244.500,2.06439
temperature,1700000244.750,2.10770
temperature,1700000245.000,2.09860
temperature,1700000245.250,2.14667
temperature,1700000245.500,2.03329
temperature,1700000245.750,2.06006
temperature,1700000246.000,2.13663
temperature,1700000246.250,2.06841
temperature,1700000246.500,2.05526
temperature,1700000246.750,2.07096
temperature,1700000247.000,2.09547
temperature,1700000247.250,2.09570
temperature,1700000247.500,2.09011
temperature,1700000247.750,2.04923
temperature,1700000248.000,2.13938
temperature,1700000248.250,2.16709
temperature,1700000248.500,2.00532
temperature,1700000248.750,2.02324
temperature,1700000249.000,2.15113
temperature,1700000249.250,2.17956
temperature,1700000249.500,1.99470
temperature,1700000249.750,2.14203
temperature,1700000250.000,2.18325
temperature,1700000250.250,2.05834
temperature,1700000250.500,2.18056
temperature,1700000250.750,2.09280
temperature,1700000251.000,2.11757
temperature,1700000251.250,2.06601
temperature,1700000251.500,2.15218
temperature,1700000251.750,2.14401
temperature,1700000252.000,2.18869
temperature,1700000252.250,2.17467
temperature,1700000252.500,2.10237
temperature,1700000252.750,2.25845
temperature,1700000253.000,2.17079
temperature,1700000253.250,2.13051
temperature,1700000253.500,2.05387
temperature,1700000253.750,2.02748
temperature,1700000254.000,2.03201
temperature,1700000254.250,2.05786
temperature,1700000254.500,2.17372
temperature,1700000254.750,2.12953
temperature,1700000255.000,2.07485
temperature,1700000255.250,2.09908
temperature,1700000255.500,2.09337
temperature,1700000255.750,2.14666
temperature,1700000256.000,2.06313
temperature,1700000256.250,2.12500
temperature,1700000256.500,2.12298
temperature,1700000256.750,2.06602
temperature,1700000257.000,2.18837
temperature,1700000257.250,2.09472
temperature,1700000257.500,2.06042
temperature,1700000257.750,2.15328
temperature,1700000258.000,2.11397
temperature,1700000258.250,2.13230
temperature,1700000258.500,2.05331
temperature,1700000258.750,2.15385
temperature,1700000259.000,2.22257
temperature,1700000259.250,2.05155
temperature,1700000259.500,2.13318
temperature,1700000259.750,2.07701
temperature,1700000260.000,2.25159
temperature,1700000260.250,2.17995
temperature,1700000260.500,2.13297
temperature,1700000260.750,2.05839
temperature,1700000261.000,2.07144
temperature,1700000261.250,2.15904
temperature,1700000261.500,2.05462
temperature,1700000261.750,2.05724
temperature,1700000262.000,2.12531
temperature,1700000262.250,2.13265
temperature,1700000262.500,2.14611
temperature,1700000262.750,2.10630
temperature,1700000263.000,2.17548
temperature,1700000263.250,2.08761
temperature,1700000263.500,2.16328
temperature,1700000263.750,2.14393
temperature,1700000264.000,2.16456
temperature,1700000264.250,2.19496
temperature,1700000264.500,2.11445
temperature,1700000264.750,2.10554
temperature,1700000265.000,2.05557
temperature,1700000265.250,2.04046
temperature,1700000265.500,2.13404
temperature,1700000265.750,2.13892
temperature,1700000266.000,2.09146
temperature,1700000266.250,2.10370
temperature,1700000266.500,2.22492
temperature,1700000266.750,2.19405
temperature,1700000267.000,2.08869
temperature,1700000267.250,2.13118
temperature,1700000267.500,2.17512
temperature,1700000267.750,2.12502
temperature,1700000268.000,2.11744
temperature,1700000268.250,2.14248
temperature,1700000268.500,2.21545
temperature,1700000268.750,2.22149
temperature,1700000269.000,2.12715
temperature,1700000269.250,2.18843
temperature,1700000269.500,2.16656
temperature,1700000269.750,2.11792
temperature,1700000270.000,2.15490
temperature,1700000270.250,2.10795
temperature,1700000270.500,2.23070
temperature,1700000270.750,2.25152
temperature,1700000271.000,2.15468
temperature,1700000271.250,2.14404
temperature,1700000271.500,2.23047
temperature,1700000271.750,2.23975
temperature,1700000272.000,2.12439
temperature,1700000272.250,2.17382
temperature,1700000272.500,2.17935
temperature,1700000272.750,2.14478
temperature,1700000273.000,2.20358
temperature,1700000273.250,2.15020
temperature,1700000273.500,2.15904
temperature,1700000273.750,2.18178
temperature,1700000274.000,2.11313
temperature,1700000274.250,2.08544
temperature,1700000274.500,2.23478
temperature,1700000274.750,2.15240
temperature,1700000275.000,2.29664
temperature,1700000275.250,2.28889
temperature,1700000275.500,2.16532
temperature,1700000275.750,2.30787
temperature,1700000276.000,2.23799
temperature,1700000276.250,2.15897
temperature,1700000276.500,2.06220
temperature,1700000276.750,2.22569
temperature,1700000277.000,2.19276
temperature,1700000277.250,2.21260
temperature,1700000277.500,2.17936
temperature,1700000277.750,2.13331
temperature,1700000278.000,2.16877
temperature,1700000278.250,2.22501
temperature,1700000278.500,2.17145
temperature,1700000278.750,-0.82943
temperature,1700000279.000,2.11197
temperature,1700000279.250,2.19179
temperature,1700000279.500,2.13086
temperature,1700000279.750,2.23154
temperature,1700000280.000,2.14801
temperature,1700000280.250,2.16898
temperature,1700000280.500,2.29095
temperature,1700000280.750,2.16635
temperature,1700000281.000,2.15854
temperature,1700000281.250,2.20868
temperature,1700000281.500,2.08892
temperature,1700000281.750,2.23947
temperature,1700000282.000,2.22533
temperature,1700000282.250,2.20052
temperature,1700000282.500,2.00407
temperature,1700000282.750,2.15855
temperature,1700000283.000,2.10644
temperature,1700000283.250,2.22482
temperature,1700000283.500,2.21976
temperature,1700000283.750,2.18502
temperature,1700000284.000,2.10394
temperature,1700000284.250,2.23726
temperature,1700000284.500,2.14788
temperature,1700000284.750,2.24969
temperature,1700000285.000,2.17112
temperature,1700000285.250,2.18161
temperature,1700000285.500,2.13167
temperature,1700000285.750,2.22346
temperature,1700000286.000,2.18195
temperature,1700000286.250,2.22210
temperature,1700000286.500,2.15727
temperature,1700000286.750,2.14448
temperature,1700000287.000,2.17505
temperature,1700000287.250,2.21589
temperature,1700000287.500,2.19309
temperature,1700000287.750,2.14767
temperature,1700000288.000,2.04642
temperature,1700000288.250,2.17835
temperature,1700000288.500,2.06447
temperature,1700000288.750,2.13675
temperature,1700000289.000,2.12783
temperature,1700000289.250,2.06138
temperature,1700000289.500,2.14957
temperature,1700000289.750,2.23737
temperature,1700000290.000,2.11276
temperature,1700000290.250,2.16545
temperature,1700000290.500,2.24374
temperature,1700000290.750,2.16791
temperature,1700000291.000,2.09141
temperature,1700000291.250,2.13439
temperature,1700000291.500,2.14551
temperature,1700000291.750,2.19213
temperature,1700000292.000,2.18014
temperature,1700000292.250,1.97997
temperature,1700000292.500,2.07472
temperature,1700000292.750,2.11312
temperature,1700000293.000,2.06499
temperature,1700000293.250,1.92991
temperature,1700000293.500,2.07783
temperature,1700000293.750,2.11316
temperature,1700000294.000,2.08634
temperature,1700000294.250,2.06204
temperature,1700000294.500,2.11328
temperature,1700000294.750,2.12771
temperature,1700000295.000,2.08651
temperature,1700000295.250,2.17793
temperature,1700000295.500,2.11167
temperature,1700000295.750,2.06467
temperature,1700000296.000,2.05151
temperature,1700000296.250,2.09660
temperature,1700000296.500,2.16246
temperature,1700000296.750,2.06517
temperature,1700000297.000,2.13573
temperature,1700000297.250,2.11027
temperature,1700000297.500,2.20483
temperature,1700000297.750,2.12434
temperature,1700000298.000,2.06958
temperature,1700000298.250,2.14100
temperature,1700000298.500,5.14239
temperature,1700000298.750,2.08376
temperature,1700000299.000,2.04515
temperature,1700000299.250,5.12991
temperature,1700000299.500,2.10606
temperature,1700000299.750,2.02684
temperature,1700000300.000,2.11520
temperature,1700000300.250,2.07090
temperature,1700000300.500,2.02727
temperature,1700000300.750,2.08578
temperature,1700000301.000,2.16791
temperature,1700000301.250,2.16457
temperature,1700000301.500,2.15196
temperature,1700000301.750,2.11857
temperature,1700000302.000,2.13544
temperature,1700000302.250,2.11117
temperature,1700000302.500,2.05163
temperature,1700000302.750,2.06232
temperature,1700000303.000,2.07801
temperature,1700000303.250,2.17928
temperature,1700000303.500,2.16396
temperature,1700000303.750,2.05714
temperature,1700000304.000,2.11489
temperature,1700000304.250,2.09328
temperature,1700000304.500,2.10694
temperature,1700000304.750,2.08929
temperature,1700000305.000,2.18789
temperature,1700000305.250,2.11830
temperature,1700000305.500,2.13183
temperature,1700000305.750,2.13415
temperature,1700000306.000,2.07362
temperature,1700000306.250,2.13267
temperature,1700000306.500,2.18276
temperature,1700000306.750,2.20587
temperature,1700000307.000,2.07763
temperature,1700000307.250,2.06209
temperature,1700000307.500,2.14434
temperature,1700000307.750,2.20014
temperature,1700000308.000,2.16636
temperature,1700000308.250,2.18635
temperature,1700000308.500,2.08855
temperature,1700000308.750,2.13247
temperature,1700000309.000,2.05609
temperature,1700000309.250,2.16390
temperature,1700000309.500,2.06828
temperature,1700000309.750,2.24895
temperature,1700000310.000,2.26624
temperature,1700000310.250,2.20209
temperature,1700000310.500,2.12639
temperature,1700000310.750,2.22818
temperature,1700000311.000,2.31016
temperature,1700000311.250,2.24924
temperature,1700000311.500,2.29342
temperature,1700000311.750,2.21911
temperature,1700000312.000,2.20951
temperature,1700000312.250,2.25973
temperature,1700000312.500,2.17767
temperature,1700000312.750,2.39849
temperature,1700000313.000,2.30411
temperature,1700000313.250,2.35287
temperature,1700000313.500,2.29946
temperature,1700000313.750,2.25897
temperature,1700000314.000,2.42163
temperature,1700000314.250,2.30896
temperature,1700000314.500,2.39807
temperature,1700000314.750,2.41890
temperature,1700000315.000,2.41720
temperature,1700000315.250,2.39169
temperature,1700000315.500,2.44151
temperature,1700000315.750,2.42024
temperature,1700000316.000,2.52762
temperature,1700000316.250,2.53582
temperature,1700000316.500,2.52693
temperature,1700000316.750,2.52100
temperature,1700000317.000,2.67686
temperature,1700000317.250,2.52913
temperature,1700000317.500,2.54038
temperature,1700000317.750,2.63753
temperature,1700000318.000,2.65336
temperature,1700000318.250,2.74639
temperature,1700000318.500,2.74965
temperature,1700000318.750,2.74522
temperature,1700000319.000,2.79571
temperature,1700000319.250,2.82227
temperature,1700000319.500,2.93130
temperature,1700000319.750,2.86722
temperature,1700000320.000,2.84936
temperature,1700000320.250,2.92260
temperature,1700000320.500,2.81136
temperature,1700000320.750,2.97061
temperature,1700000321.000,3.05713
temperature,1700000321.250,3.06306
temperature,1700000321.500,3.07855
temperature,1700000321.750,3.12690
temperature,1700000322.000,3.18052
temperature,1700000322.250,3.22758
temperature,1700000322.500,3.20965
temperature,1700000322.750,3.20238
temperature,1700000323.000,3.13330
temperature,1700000323.250,3.32851
temperature,1700000323.500,3.33576
temperature,1700000323.750,3.34775
temperature,1700000324.000,3.33549
temperature,1700000324.250,3.44751
temperature,1700000324.500,3.41530
temperature,1700000324.750,3.45483
temperature,1700000325.000,3.48155
temperature,1700000325.250,3.53401
temperature,1700000325.500,3.48055
temperature,1700000325.750,3.59182
temperature,1700000326.000,3.55254
temperature,1700000326.250,3.57831
temperature,1700000326.500,3.67996
temperature,1700000326.750,3.60806
temperature,1700000327.000,3.72307
temperature,1700000327.250,3.70398
temperature,1700000327.500,3.63538
temperature,1700000327.750,3.80373
temperature,1700000328.000,3.76752
temperature,1700000328.250,3.78696
temperature,1700000328.500,3.83158
temperature,1700000328.750,3.86882
temperature,1700000329.000,3.81519
temperature,1700000329.250,3.84591
temperature,1700000329.500,3.84211
temperature,1700000329.750,3.81348
temperature,1700000330.000,3.75709
temperature,1700000330.250,3.85119
temperature,1700000330.500,3.91212
temperature,1700000330.750,3.87359
temperature,1700000331.000,3.79083
temperature,1700000331.250,3.89739
temperature,1700000331.500,3.82389
temperature,1700000331.750,3.73015
temperature,1700000332.000,3.87960
temperature,1700000332.250,3.77396
temperature,1700000332.500,3.90139
temperature,1700000332.750,3.85948
temperature,1700000333.000,3.77908
temperature,1700000333.250,3.80049
temperature,1700000333.500,3.88448
temperature,1700000333.750,3.79779
temperature,1700000334.000,3.74298
temperature,1700000334.250,3.85764
temperature,1700000334.500,3.70004
temperature,1700000334.750,3.70313
temperature,1700000335.000,3.60608
temperature,1700000335.250,3.54701
temperature,1700000335.500,3.59328
temperature,1700000335.750,3.58562
temperature,1700000336.000,3.57537
temperature,1700000336.250,3.46235
temperature,1700000336.500,3.54008
temperature,1700000336.750,3.43858
temperature,1700000337.000,3.48299
temperature,1700000337.250,3.47120
temperature,1700000337.500,3.37610
temperature,1700000337.750,3.31868
temperature,1700000338.000,3.41467
temperature,1700000338.250,3.35144
temperature,1700000338.500,3.28544
temperature,1700000338.750,3.32111
temperature,1700000339.000,3.22156
temperature,1700000339.250,3.15598
temperature,1700000339.500,3.10649
temperature,1700000339.750,3.12077
temperature,1700000340.000,3.13439
temperature,1700000340.250,3.13505
temperature,1700000340.500,3.03664
temperature,1700000340.750,3.06623
temperature,1700000341.000,2.96520
temperature,1700000341.250,2.90747
temperature,1700000341.500,2.85218
temperature,1700000341.750,2.86348
temperature,1700000342.000,2.79706
temperature,1700000342.250,2.93308
temperature,1700000342.500,2.82713
temperature,1700000342.750,2.77343
temperature,1700000343.000,2.83786
temperature,1700000343.250,2.66072
temperature,1700000343.500,2.69359
temperature,1700000343.750,2.77561
temperature,1700000344.000,2.64419
temperature,1700000344.250,2.75009
temperature,1700000344.500,2.64400
temperature,1700000344.750,2.64760
temperature,1700000345.000,2.62726
temperature,1700000345.250,2.53943
temperature,1700000345.500,2.49442
temperature,1700000345.750,2.49318
temperature,1700000346.000,2.43036
temperature,1700000346.250,2.45780
temperature,1700000346.500,2.44291
temperature,1700000346.750,2.51026
temperature,1700000347.000,2.43876
temperature,1700000347.250,2.51114
temperature,1700000347.500,2.26957
temperature,1700000347.750,2.30184
temperature,1700000348.000,2.33066
temperature,1700000348.250,2.40938
temperature,1700000348.500,2.31618
temperature,1700000348.750,2.23574
temperature,1700000349.000,2.28489
temperature,1700000349.250,2.22583
temperature,1700000349.500,2.20512
temperature,1700000349.750,2.36434
temperature,1700000350.000,2.23691
temperature,1700000350.250,2.25372
temperature,1700000350.500,2.23146
temperature,1700000350.750,2.21503
temperature,1700000351.000,2.17751
temperature,1700000351.250,2.19636
temperature,1700000351.500,2.22152
temperature,1700000351.750,2.26874
temperature,1700000352.000,2.23872
temperature,1700000352.250,2.12428
temperature,1700000352.500,2.22890
temperature,1700000352.750,2.19781
temperature,1700000353.000,2.13769
temperature,1700000353.250,2.17322
temperature,1700000353.500,2.18821
temperature,1700000353.750,2.15770
temperature,1700000354.000,2.17538
temperature,1700000354.250,2.10449
temperature,1700000354.500,2.24378
temperature,1700000354.750,2.04440
temperature,1700000355.000,2.16670
temperature,1700000355.250,2.15329
temperature,1700000355.500,2.16443
temperature,1700000355.750,2.09438
temperature,1700000356.000,2.18594
temperature,1700000356.250,2.11993
temperature,1700000356.500,2.06401
temperature,1700000356.750,2.06672
temperature,1700000357.000,2.12597
temperature,1700000357.250,2.03830
temperature,1700000357.500,2.20667
temperature,1700000357.750,2.16771
temperature,1700000358.000,2.20534
temperature,1700000358.250,2.19889
temperature,1700000358.500,2.09414
temperature,1700000358.750,2.06726
temperature,1700000359.000,1.97592
temperature,1700000359.250,2.08864
temperature,1700000359.500,2.19645
temperature,1700000359.750,2.06605
temperature,1700000360.000,2.10062
temperature,1700000360.250,2.08445
temperature,1700000360.500,2.13208
temperature,1700000360.750,2.17889
temperature,1700000361.000,2.03898
temperature,1700000361.250,2.05002
temperature,1700000361.500,2.19333
temperature,1700000361.750,2.15737
temperature,1700000362.000,2.10961
temperature,1700000362.250,2.20994
temperature,1700000362.500,2.05849
temperature,1700000362.750,2.17564
temperature,1700000363.000,2.12818
temperature,1700000363.250,2.16462
temperature,1700000363.500,2.01784
temperature,1700000363.750,2.12728
temperature,1700000364.000,2.18050
temperature,1700000364.250,2.14409
temperature,1700000364.500,2.21387
temperature,1700000364.750,2.21631
temperature,1700000365.000,2.11170
temperature,1700000365.250,2.20554
temperature,1700000365.500,2.11974
temperature,1700000365.750,2.17744
temperature,1700000366.000,2.21326
temperature,1700000366.250,2.14478
temperature,1700000366.500,2.23238
temperature,1700000366.750,2.17466
temperature,1700000367.000,2.17821
temperature,1700000367.250,2.25035
temperature,1700000367.500,2.18146
temperature,1700000367.750,2.18766
temperature,1700000368.000,2.29330
temperature,1700000368.250,2.25645
temperature,1700000368.500,2.18866
temperature,1700000368.750,5.31506
temperature,1700000369.000,2.26346
temperature,1700000369.250,2.22578
temperature,1700000369.500,2.18334
temperature,1700000369.750,2.36732
temperature,1700000370.000,2.29329
temperature,1700000370.250,2.28894
temperature,1700000370.500,2.39868
temperature,1700000370.750,2.42334
temperature,1700000371.000,2.36080
temperature,1700000371.250,2.46369
temperature,1700000371.500,2.53951
temperature,1700000371.750,2.52365
temperature,1700000372.000,2.53627
temperature,1700000372.250,2.51370
temperature,1700000372.500,2.49796
temperature,1700000372.750,2.54041
temperature,1700000373.000,2.58921
temperature,1700000373.250,2.52920
temperature,1700000373.500,2.57944
temperature,1700000373.750,2.57330
temperature,1700000374.000,2.68419
temperature,1700000374.250,2.70528
temperature,1700000374.500,2.69816
temperature,1700000374.750,2.80246
temperature,1700000375.000,2.74080
temperature,1700000375.250,2.79111
temperature,1700000375.500,2.89815
temperature,1700000375.750,2.94005
temperature,1700000376.000,2.88925
temperature,1700000376.250,2.97699
temperature,1700000376.500,2.96372
temperature,1700000376.750,3.03097
temperature,1700000377.000,3.08708
temperature,1700000377.250,3.14782
temperature,1700000377.500,3.17641
temperature,1700000377.750,3.21573
temperature,1700000378.000,3.19045
temperature,1700000378.250,3.30682
temperature,1700000378.500,3.35869
temperature,1700000378.750,3.40996
temperature,1700000379.000,3.38453
temperature,1700000379.250,3.51183
temperature,1700000379.500,3.44625
temperature,1700000379.750,3.53709
temperature,1700000380.000,3.59177
temperature,1700000380.250,3.58968
temperature,1700000380.500,3.68580
temperature,1700000380.750,3.75916
temperature,1700000381.000,3.70469
temperature,1700000381.250,3.82422
temperature,1700000381.500,3.80452
temperature,1700000381.750,4.04194
temperature,1700000382.000,3.99826
temperature,1700000382.250,4.04149
temperature,1700000382.500,4.09407
temperature,1700000382.750,4.15958
temperature,1700000383.000,4.22469
temperature,1700000383.250,4.14349
temperature,1700000383.500,4.33245
temperature,1700000383.750,4.37380
temperature,1700000384.000,4.35196
temperature,1700000384.250,4.39225
temperature,1700000384.500,7.28500
temperature,1700000384.750,4.41886
temperature,1700000385.000,4.54680
temperature,1700000385.250,4.61949
temperature,1700000385.500,4.63323
temperature,1700000385.750,4.62898
temperature,1700000386.000,4.76360
temperature,1700000386.250,4.75062
temperature,1700000386.500,4.71214
temperature,1700000386.750,4.87077
temperature,1700000387.000,4.73498
temperature,1700000387.250,4.74256
temperature,1700000387.500,4.81963
temperature,1700000387.750,4.82541
temperature,1700000388.000,4.86582
temperature,1700000388.250,4.94272
temperature,1700000388.500,4.91783
temperature,1700000388.750,4.93378
temperature,1700000389.000,4.94969
temperature,1700000389.250,4.84158
temperature,1700000389.500,4.88972
temperature,1700000389.750,4.95233
temperature,1700000390.000,4.93338
temperature,1700000390.250,4.96567
temperature,1700000390.500,5.04700
temperature,1700000390.750,4.97041
temperature,1700000391.000,4.90315
temperature,1700000391.250,4.92255
temperature,1700000391.500,5.03851
temperature,1700000391.750,5.01823
temperature,1700000392.000,1.95789
temperature,1700000392.250,4.83436
temperature,1700000392.500,4.91015
temperature,1700000392.750,4.89430
temperature,1700000393.000,4.85471
temperature,1700000393.250,4.80131
temperature,1700000393.500,4.78618
temperature,1700000393.750,4.74499
temperature,1700000394.000,4.69062
temperature,1700000394.250,4.78536
temperature,1700000394.500,4.72872
temperature,1700000394.750,4.63633
temperature,1700000395.000,4.63266
temperature,1700000395.250,4.59758
temperature,1700000395.500,4.65693
temperature,1700000395.750,4.54383
temperature,1700000396.000,4.50117
temperature,1700000396.250,4.41944
temperature,1700000396.500,4.35291
temperature,1700000396.750,4.39991
temperature,1700000397.000,4.31867
temperature,1700000397.250,4.19908
temperature,1700000397.500,4.21707
temperature,1700000397.750,4.18946
temperature,1700000398.000,3.99549
temperature,1700000398.250,4.00642
temperature,1700000398.500,4.02258
temperature,1700000398.750,3.85985
temperature,1700000399.000,3.81920
temperature,1700000399.250,3.84532
temperature,1700000399.500,3.83471
temperature,1700000399.750,3.78836
temperature,1700000400.000,3.79203
temperature,1700000400.250,3.66866
temperature,1700000400.500,3.59780
temperature,1700000400.750,3.50327
temperature,1700000401.000,3.50200
temperature,1700000401.250,3.50964
temperature,1700000401.500,3.46543
temperature,1700000401.750,3.39511
temperature,1700000402.000,3.36393
temperature,1700000402.250,3.35574
temperature,1700000402.500,3.25173
temperature,1700000402.750,3.27312
temperature,1700000403.000,3.12599
temperature,1700000403.250,3.11705
temperature,1700000403.500,3.05590
temperature,1700000403.750,3.07969
temperature,1700000404.000,2.95035
temperature,1700000404.250,2.94693
temperature,1700000404.500,2.83292
temperature,1700000404.750,2.91947
temperature,1700000405.000,2.91692
temperature,1700000405.250,2.86594
temperature,1700000405.500,2.82784
temperature,1700000405.750,2.79700
temperature,1700000406.000,2.75883
temperature,1700000406.250,2.72439
temperature,1700000406.500,2.69845
temperature,1700000406.750,2.60355
temperature,1700000407.000,2.59915
temperature,1700000407.250,2.58648
temperature,1700000407.500,2.54097
temperature,1700000407.750,2.45519
temperature,1700000408.000,2.44846
temperature,1700000408.250,2.49935
temperature,1700000408.500,2.51171
temperature,1700000408.750,2.44635
temperature,1700000409.000,2.56448
temperature,1700000409.250,2.36146
temperature,1700000409.500,2.41176
temperature,1700000409.750,2.43696
temperature,1700000410.000,2.40937
temperature,1700000410.250,2.37331
temperature,1700000410.500,2.37930
temperature,1700000410.750,2.31451
temperature,1700000411.000,2.38156
temperature,1700000411.250,-0.65007
temperature,1700000411.500,2.23118
temperature,1700000411.750,2.27853
temperature,1700000412.000,2.17436
temperature,1700000412.250,2.31768
temperature,1700000412.500,2.24324
temperature,1700000412.750,2.29044
temperature,1700000413.000,2.20904
temperature,1700000413.250,5.11369
temperature,1700000413.500,2.33085
temperature,1700000413.750,2.19847
temperature,1700000414.000,2.13527
temperature,1700000414.250,2.23635
temperature,1700000414.500,2.27502
temperature,1700000414.750,2.15766
temperature,1700000415.000,2.15772
temperature,1700000415.250,2.16981
temperature,1700000415.500,2.09792
temperature,1700000415.750,2.11479
temperature,1700000416.000,2.23455
temperature,1700000416.250,2.13525
temperature,1700000416.500,2.09664
temperature,1700000416.750,2.11281
temperature,1700000417.000,2.18617
temperature,1700000417.250,2.03106
temperature,1700000417.500,2.14011
temperature,1700000417.750,2.24820
temperature,1700000418.000,2.22452
temperature,1700000418.250,2.14967
temperature,1700000418.500,2.18503
temperature,1700000418.750,2.18288
temperature,1700000419.000,2.10971
temperature,1700000419.250,2.16083
temperature,1700000419.500,2.20272
temperature,1700000419.750,2.04891
temperature,1700000420.000,2.13983
temperature,1700000420.250,2.13010
temperature,1700000420.500,2.11830
temperature,1700000420.750,2.11507
temperature,1700000421.000,2.12723
temperature,1700000421.250,2.13283
temperature,1700000421.500,2.17449
temperature,1700000421.750,2.14402
temperature,1700000422.000,2.11306
temperature,1700000422.250,2.08184
temperature,1700000422.500,2.10225
temperature,1700000422.750,2.14110
temperature,1700000423.000,2.09508
temperature,1700000423.250,2.18018
temperature,1700000423.500,2.15707
temperature,1700000423.750,2.19560
temperature,1700000424.000,2.10954
temperature,1700000424.250,2.10320
temperature,1700000424.500,2.20503
temperature,1700000424.750,2.15843
temperature,1700000425.000,2.14575
temperature,1700000425.250,2.19500
temperature,1700000425.500,2.19759
temperature,1700000425.750,2.10644
temperature,1700000426.000,2.24346
temperature,1700000426.250,2.15900
temperature,1700000426.500,2.27012
temperature,1700000426.750,2.12435
temperature,1700000427.000,2.21314
temperature,1700000427.250,2.19457
temperature,1700000427.500,2.11201
temperature,1700000427.750,2.25097
temperature,1700000428.000,2.12952
temperature,1700000428.250,2.21917
temperature,1700000428.500,2.29740
temperature,1700000428.750,2.22451
temperature,1700000429.000,2.21507
temperature,1700000429.250,2.30993
temperature,1700000429.500,2.26752
temperature,1700000429.750,2.27026
temperature,1700000430.000,2.36522
temperature,1700000430.250,2.25451
temperature,1700000430.500,2.30174
temperature,1700000430.750,2.38036
temperature,1700000431.000,2.28820
temperature,1700000431.250,2.45179
temperature,1700000431.500,2.36586
temperature,1700000431.750,2.43458
temperature,1700000432.000,2.44907
temperature,1700000432.250,5.41289
temperature,1700000432.500,2.41206
temperature,1700000432.750,2.44981
temperature,1700000433.000,2.50397
temperature,1700000433.250,2.43583
temperature,1700000433.500,2.44221
temperature,1700000433.750,2.59422
temperature,1700000434.000,2.50129
temperature,1700000434.250,2.57413
temperature,1700000434.500,2.56507
temperature,1700000434.750,2.58639
temperature,1700000435.000,2.68521
temperature,1700000435.250,2.62915
temperature,1700000435.500,2.63555
temperature,1700000435.750,2.66013
temperature,1700000436.000,2.66890
temperature,1700000436.250,2.68121
temperature,1700000436.500,2.71055
temperature,1700000436.750,2.83962
temperature,1700000437.000,2.81307
temperature,1700000437.250,2.78133
temperature,1700000437.500,2.86880
temperature,1700000437.750,2.76147
temperature,1700000438.000,2.93068
temperature,1700000438.250,2.94764
temperature,1700000438.500,3.01555
temperature,1700000438.750,2.97500
temperature,1700000439.000,2.96677
temperature,1700000439.250,3.02970
temperature,1700000439.500,2.95380
temperature,1700000439.750,2.98493
temperature,1700000440.000,3.02072
temperature,1700000440.250,3.11120
temperature,1700000440.500,3.01833
temperature,1700000440.750,3.03088
temperature,1700000441.000,3.10813
temperature,1700000441.250,3.14892
temperature,1700000441.500,3.09402
temperature,1700000441.750,3.17816
temperature,1700000442.000,3.22782
temperature,1700000442.250,3.23346
temperature,1700000442.500,3.20438
temperature,1700000442.750,3.19466
temperature,1700000443.000,3.29762
temperature,1700000443.250,3.22239
temperature,1700000443.500,3.27854
temperature,1700000443.750,3.33843
temperature,1700000444.000,6.29034
temperature,1700000444.250,3.20582
temperature,1700000444.500,3.19986
temperature,1700000444.750,3.25207
temperature,1700000445.000,3.30657
temperature,1700000445.250,3.29647
temperature,1700000445.500,3.38669
temperature,1700000445.750,3.29918
temperature,1700000446.000,3.26111
temperature,1700000446.250,3.21985
temperature,1700000446.500,3.33355
temperature,1700000446.750,3.27121
temperature,1700000447.000,3.19218
temperature,1700000447.250,3.26358
temperature,1700000447.500,3.20667
temperature,1700000447.750,3.22819
temperature,1700000448.000,3.24185
temperature,1700000448.250,3.18741
temperature,1700000448.500,3.19852
temperature,1700000448.750,3.17503
temperature,1700000449.000,3.16486
temperature,1700000449.250,3.13798
temperature,1700000449.500,3.15110
temperature,1700000449.750,3.11660
temperature,1700000450.000,3.17603
temperature,1700000450.250,3.14142
temperature,1700000450.500,3.17513
temperature,1700000450.750,3.19313
temperature,1700000451.000,3.11548
temperature,1700000451.250,3.08637
temperature,1700000451.500,3.08268
temperature,1700000451.750,3.05032
temperature,1700000452.000,3.01040
temperature,1700000452.250,2.98695
temperature,1700000452.500,2.91753
temperature,1700000452.750,2.99047
temperature,1700000453.000,2.92661
temperature,1700000453.250,2.98010
temperature,1700000453.500,2.93265
temperature,1700000453.750,2.83475
temperature,1700000454.000,2.90744
temperature,1700000454.250,2.69607
temperature,1700000454.500,2.89962
temperature,1700000454.750,2.71520
temperature,1700000455.000,2.78596
temperature,1700000455.250,2.76174
temperature,1700000455.500,2.77585
temperature,1700000455.750,2.68267
temperature,1700000456.000,2.57147
temperature,1700000456.250,2.64223
temperature,1700000456.500,2.62772
temperature,1700000456.750,2.51658
temperature,1700000457.000,2.60195
temperature,1700000457.250,2.52685
temperature,1700000457.500,-0.40562
temperature,1700000457.750,2.53127
temperature,1700000458.000,2.62363
temperature,1700000458.250,2.49516
temperature,1700000458.500,2.51227
temperature,1700000458.750,2.46330
temperature,1700000459.000,2.37640
temperature,1700000459.250,2.43137
temperature,1700000459.500,2.46376
temperature,1700000459.750,2.44111
temperature,1700000460.000,2.38171
temperature,1700000460.250,2.30936
temperature,1700000460.500,2.40069
temperature,1700000460.750,2.37616
temperature,1700000461.000,2.38453
temperature,1700000461.250,2.31628
temperature,1700000461.500,2.23385
temperature,1700000461.750,2.33327
temperature,1700000462.000,2.29509
temperature,1700000462.250,2.35452
temperature,1700000462.500,2.27620
temperature,1700000462.750,2.26274
temperature,1700000463.000,2.27653
temperature,1700000463.250,2.21689
temperature,1700000463.500,2.20595
temperature,1700000463.750,2.22516
temperature,1700000464.000,2.17627
temperature,1700000464.250,2.20343
temperature,1700000464.500,2.30482
temperature,1700000464.750,2.25328
temperature,1700000465.000,2.21019
temperature,1700000465.250,2.26635
temperature,1700000465.500,2.14180
temperature,1700000465.750,2.30216
temperature,1700000466.000,2.14949
temperature,1700000466.250,2.26787
temperature,1700000466.500,2.26308
temperature,1700000466.750,2.07114
temperature,1700000467.000,2.22810
temperature,1700000467.250,2.13673
temperature,1700000467.500,2.11894
temperature,1700000467.750,2.17020
temperature,1700000468.000,2.09040
temperature,1700000468.250,2.16293
temperature,1700000468.500,2.08801
temperature,1700000468.750,2.14130
temperature,1700000469.000,2.19678
temperature,1700000469.250,2.14706
temperature,1700000469.500,2.10762
temperature,1700000469.750,2.15070
temperature,1700000470.000,2.05146
temperature,1700000470.250,2.07813
temperature,1700000470.500,2.09696
temperature,1700000470.750,2.15633
temperature,1700000471.000,2.13591
temperature,1700000471.250,2.14110
temperature,1700000471.500,2.11179
temperature,1700000471.750,2.07266
temperature,1700000472.000,2.18546
temperature,1700000472.250,2.07522
temperature,1700000472.500,2.13020
temperature,1700000472.750,2.10285
temperature,1700000473.000,2.13587
temperature,1700000473.250,2.07677
temperature,1700000473.500,2.15906
temperature,1700000473.750,2.17476
temperature,1700000474.000,2.15489
temperature,1700000474.250,2.11273
temperature,1700000474.500,2.08265
temperature,1700000474.750,2.24510
temperature,1700000475.000,2.05405
temperature,1700000475.250,2.14735
temperature,1700000475.500,2.11962
temperature,1700000475.750,2.09957
temperature,1700000476.000,2.11170
temperature,1700000476.250,2.07670
temperature,1700000476.500,2.12335
temperature,1700000476.750,2.11764
temperature,1700000477.000,2.23550
temperature,1700000477.250,2.15500
temperature,1700000477.500,2.12711
temperature,1700000477.750,2.12996
temperature,1700000478.000,2.19304
temperature,1700000478.250,2.05243
temperature,1700000478.500,2.09172
temperature,1700000478.750,2.00541
temperature,1700000479.000,2.12863
temperature,1700000479.250,-0.85697
temperature,1700000479.500,2.05077
temperature,1700000479.750,2.17225
temperature,1700000480.000,2.06465
temperature,1700000480.250,2.08352
temperature,1700000480.500,2.10666
temperature,1700000480.750,2.18045
temperature,1700000481.000,2.05788
temperature,1700000481.250,2.11541
temperature,1700000481.500,2.13965
temperature,1700000481.750,2.12939
temperature,1700000482.000,2.13130
temperature,1700000482.250,2.13918
temperature,1700000482.500,2.07344
temperature,1700000482.750,2.18565
temperature,1700000483.000,2.09578
temperature,1700000483.250,2.08923
temperature,1700000483.500,2.16890
temperature,1700000483.750,2.07009
temperature,1700000484.000,2.11773
temperature,1700000484.250,2.06568
temperature,1700000484.500,2.22789
temperature,1700000484.750,2.21748
temperature,1700000485.000,2.09666
temperature,1700000485.250,2.12829
temperature,1700000485.500,2.10269
temperature,1700000485.750,2.08514
temperature,1700000486.000,2.10870
temperature,1700000486.250,5.10084
temperature,1700000486.500,2.02699
temperature,1700000486.750,2.11634
temperature,1700000487.000,2.10124
temperature,1700000487.250,2.11914
temperature,1700000487.500,2.09984
temperature,1700000487.750,2.08589
temperature,1700000488.000,2.14785
temperature,1700000488.250,2.13096
temperature,1700000488.500,2.17432
temperature,1700000488.750,2.12947
temperature,1700000489.000,2.09507
temperature,1700000489.250,2.13602
temperature,1700000489.500,2.00639
temperature,1700000489.750,2.21085
temperature,1700000490.000,2.11964
temperature,1700000490.250,2.21540
temperature,1700000490.500,2.06297
temperature,1700000490.750,2.05083
temperature,1700000491.000,2.12528
temperature,1700000491.250,2.12540
temperature,1700000491.500,2.12447
temperature,1700000491.750,2.11715
temperature,1700000492.000,2.07675
temperature,1700000492.250,2.03420
temperature,1700000492.500,2.12294
temperature,1700000492.750,2.04497
temperature,1700000493.000,2.04057
temperature,1700000493.250,2.09072
temperature,1700000493.500,2.13162
temperature,1700000493.750,2.20981
temperature,1700000494.000,2.15973
temperature,1700000494.250,2.18277
temperature,1700000494.500,2.14414
temperature,1700000494.750,2.13015
temperature,1700000495.000,2.23745
temperature,1700000495.250,2.04637
temperature,1700000495.500,2.09221
temperature,1700000495.750,2.09647
temperature,1700000496.000,2.15827
temperature,1700000496.250,2.06501
temperature,1700000496.500,2.15248
temperature,1700000496.750,2.14365
temperature,1700000497.000,2.15569
temperature,1700000497.250,2.15514
temperature,1700000497.500,2.19265
temperature,1700000497.750,2.11362
temperature,1700000498.000,2.14294
temperature,1700000498.250,2.07994
temperature,1700000498.500,2.06887
temperature,1700000498.750,2.20569
temperature,1700000499.000,2.07717
temperature,1700000499.250,2.15016
temperature,1700000499.500,2.14497
temperature,1700000499.750,2.17748
temperature,1700000500.000,2.03612
temperature,1700000500.250,2.16389
temperature,1700000500.500,2.11671
temperature,1700000500.750,2.08990
temperature,1700000501.000,2.10762
temperature,1700000501.250,2.17226
temperature,1700000501.500,2.15723
temperature,1700000501.750,2.11451
temperature,1700000502.000,2.06418
temperature,1700000502.250,2.06792
temperature,1700000502.500,2.15921
temperature,1700000502.750,5.05786
temperature,1700000503.000,2.11602
temperature,1700000503.250,2.25615
temperature,1700000503.500,2.14523
temperature,1700000503.750,2.15950
temperature,1700000504.000,2.06946
temperature,1700000504.250,2.06126
temperature,1700000504.500,2.16252
temperature,1700000504.750,2.10869
temperature,1700000505.000,2.18156
temperature,1700000505.250,2.13010
temperature,1700000505.500,2.30080
temperature,1700000505.750,2.09939
temperature,1700000506.000,2.14248
temperature,1700000506.250,2.08331
temperature,1700000506.500,2.17961
temperature,1700000506.750,2.15000
temperature,1700000507.000,2.07986
temperature,1700000507.250,2.11200
temperature,1700000507.500,2.19638
temperature,1700000507.750,2.19029
temperature,1700000508.000,2.05688
temperature,1700000508.250,2.10418
temperature,1700000508.500,2.21842
temperature,1700000508.750,2.11885
temperature,1700000509.000,2.13623
temperature,1700000509.250,2.17823
temperature,1700000509.500,2.06010
temperature,1700000509.750,2.07953
temperature,1700000510.000,2.11013
temperature,1700000510.250,2.18633
temperature,1700000510.500,2.17686
temperature,1700000510.750,2.16162
temperature,1700000511.000,2.11843
temperature,1700000511.250,2.18161
temperature,1700000511.500,2.11723
temperature,1700000511.750,2.15349
temperature,1700000512.000,2.16991
temperature,1700000512.250,2.20886
temperature,1700000512.500,2.12091
temperature,1700000512.750,2.10529
temperature,1700000513.000,2.18787
temperature,1700000513.250,2.19139
temperature,1700000513.500,2.09531
temperature,1700000513.750,2.06690
temperature,1700000514.000,2.18277
temperature,1700000514.250,2.03940
temperature,1700000514.500,2.03651
temperature,1700000514.750,2.10740
temperature,1700000515.000,2.12059
temperature,1700000515.250,2.06213
temperature,1700000515.500,2.12588
temperature,1700000515.750,2.12776
temperature,1700000516.000,2.09007
temperature,1700000516.250,2.21542
temperature,1700000516.500,2.13489
temperature,1700000516.750,5.16948
temperature,1700000517.000,2.03990
temperature,1700000517.250,2.03912
temperature,1700000517.500,2.13503
temperature,1700000517.750,2.20443
temperature,1700000518.000,2.06085
temperature,1700000518.250,2.11819
temperature,1700000518.500,2.04893
temperature,1700000518.750,2.07443
temperature,1700000519.000,2.11970
temperature,1700000519.250,2.08509
temperature,1700000519.500,2.04413
temperature,1700000519.750,2.04271
temperature,1700000520.000,2.01450
temperature,1700000520.250,2.13233
temperature,1700000520.500,2.13808
temperature,1700000520.750,2.13754
temperature,1700000521.000,2.06217
temperature,1700000521.250,2.15765
temperature,1700000521.500,2.14242
temperature,1700000521.750,2.10718
temperature,1700000522.000,2.09872
temperature,1700000522.250,2.07385
temperature,1700000522.500,2.11567
temperature,1700000522.750,2.18668
temperature,1700000523.000,2.16248
temperature,1700000523.250,2.09254
temperature,1700000523.500,2.13206
temperature,1700000523.750,2.04985
temperature,1700000524.000,2.14121
temperature,1700000524.250,2.06296
temperature,1700000524.500,2.13882
temperature,1700000524.750,2.25257
temperature,1700000525.000,2.07543
temperature,1700000525.250,2.24989
temperature,1700000525.500,2.12811
temperature,1700000525.750,2.06593
temperature,1700000526.000,2.06348
temperature,1700000526.250,2.22134
temperature,1700000526.500,2.12759
temperature,1700000526.750,2.07449
temperature,1700000527.000,2.09249
temperature,1700000527.250,2.12407
temperature,1700000527.500,2.10196
temperature,1700000527.750,2.11957
temperature,1700000528.000,2.19084
temperature,1700000528.250,2.04565
temperature,1700000528.500,2.13417
temperature,1700000528.750,2.09819
temperature,1700000529.000,2.07678
temperature,1700000529.250,2.15525
temperature,1700000529.500,2.02848
temperature,1700000529.750,1.98314
temperature,1700000530.000,2.11261
temperature,1700000530.250,2.09439
temperature,1700000530.500,2.03358
temperature,1700000530.750,2.01563
temperature,1700000531.000,2.19762
temperature,1700000531.250,2.12417
temperature,1700000531.500,2.10194
temperature,1700000531.750,2.21067
temperature,1700000532.000,2.15195
temperature,1700000532.250,2.18926
temperature,1700000532.500,2.04175
temperature,1700000532.750,2.03983
temperature,1700000533.000,2.13151
temperature,1700000533.250,2.12134
temperature,1700000533.500,2.16306
temperature,1700000533.750,2.01900
temperature,1700000534.000,2.13568
temperature,1700000534.250,2.14993
temperature,1700000534.500,2.14725
temperature,1700000534.750,2.08007
temperature,1700000535.000,2.12631
temperature,1700000535.250,2.06157
temperature,1700000535.500,2.08568
temperature,1700000535.750,2.04816
temperature,1700000536.000,2.06235
temperature,1700000536.250,2.08822
temperature,1700000536.500,2.07570
temperature,1700000536.750,2.06229
temperature,1700000537.000,2.03523
temperature,1700000537.250,2.19825
temperature,1700000537.500,2.07515
temperature,1700000537.750,2.11667
temperature,1700000538.000,2.01221
temperature,1700000538.250,2.16803
temperature,1700000538.500,2.10849
temperature,1700000538.750,2.07793
temperature,1700000539.000,2.07836
temperature,1700000539.250,2.14358
temperature,1700000539.500,1.95244
temperature,1700000539.750,2.05888
temperature,1700000540.000,2.09413
temperature,1700000540.250,2.09356
temperature,1700000540.500,2.22537
temperature,1700000540.750,2.08323
temperature,1700000541.000,2.14963
temperature,1700000541.250,2.19072
temperature,1700000541.500,2.13368
temperature,1700000541.750,2.06648
temperature,1700000542.000,2.03596
temperature,1700000542.250,2.13747
temperature,1700000542.500,2.18247
temperature,1700000542.750,2.12754
temperature,1700000543.000,2.16194
temperature,1700000543.250,2.22989
temperature,1700000543.500,2.14219
temperature,1700000543.750,2.04533
temperature,1700000544.000,2.10294
temperature,1700000544.250,2.16894
temperature,1700000544.500,2.08803
temperature,1700000544.750,2.17580
temperature,1700000545.000,2.09722
temperature,1700000545.250,2.11733
temperature,1700000545.500,2.08314
temperature,1700000545.750,2.10871
temperature,1700000546.000,2.11143
temperature,1700000546.250,2.02045
temperature,1700000546.500,2.07888
temperature,1700000546.750,2.03938
temperature,1700000547.000,2.08078
temperature,1700000547.250,2.06147
temperature,1700000547.500,2.15193
temperature,1700000547.750,2.15263
temperature,1700000548.000,2.12960
temperature,1700000548.250,2.03833
temperature,1700000548.500,2.09695
temperature,1700000548.750,2.03466
temperature,1700000549.000,2.09482
temperature,1700000549.250,2.13474
temperature,1700000549.500,2.15216
temperature,1700000549.750,2.12641
temperature,1700000550.000,2.16591
temperature,1700000550.250,2.11621
temperature,1700000550.500,2.09180
temperature,1700000550.750,2.14743
temperature,1700000551.000,2.14936
temperature,1700000551.250,2.07814
temperature,1700000551.500,2.12363
temperature,1700000551.750,2.09032
temperature,1700000552.000,2.00498
temperature,1700000552.250,2.12781
temperature,1700000552.500,2.04151
temperature,1700000552.750,2.12309
temperature,1700000553.000,2.03040
temperature,1700000553.250,2.07169
temperature,1700000553.500,2.08653
temperature,1700000553.750,2.16887
temperature,1700000554.000,2.08271
temperature,1700000554.250,2.05627
temperature,1700000554.500,2.12891
temperature,1700000554.750,2.10056
temperature,1700000555.000,2.15169
temperature,1700000555.250,2.06236
temperature,1700000555.500,2.12433
temperature,1700000555.750,2.23814
temperature,1700000556.000,2.10362
temperature,1700000556.250,2.12590
temperature,1700000556.500,2.03453
temperature,1700000556.750,2.07600
temperature,1700000557.000,2.14275
temperature,1700000557.250,2.10444
temperature,1700000557.500,2.15289
temperature,1700000557.750,2.14470
temperature,1700000558.000,2.05889
temperature,1700000558.250,2.17695
temperature,1700000558.500,2.06551
temperature,1700000558.750,2.09091
temperature,1700000559.000,2.14221
temperature,1700000559.250,2.21073
temperature,1700000559.500,2.08390
temperature,1700000559.750,2.14325
temperature,1700000560.000,2.14550
temperature,1700000560.250,2.17247
temperature,1700000560.500,2.20077
temperature,1700000560.750,2.12340
temperature,1700000561.000,2.19630
temperature,1700000561.250,2.21440
temperature,1700000561.500,2.23932
temperature,1700000561.750,2.17752
temperature,1700000562.000,2.16267
temperature,1700000562.250,2.13351
temperature,1700000562.500,2.08680
temperature,1700000562.750,2.14842
temperature,1700000563.000,2.17056
temperature,1700000563.250,2.16217
temperature,1700000563.500,2.20029
temperature,1700000563.750,2.10051
temperature,1700000564.000,2.16699
temperature,1700000564.250,2.27876
temperature,1700000564.500,2.23178
temperature,1700000564.750,2.21585
temperature,1700000565.000,2.20765
temperature,1700000565.250,2.17297
temperature,1700000565.500,2.10671
temperature,1700000565.750,2.22048
temperature,1700000566.000,2.07844
temperature,1700000566.250,2.18785
temperature,1700000566.500,2.20725
temperature,1700000566.750,2.18839
temperature,1700000567.000,2.32266
temperature,1700000567.250,2.30866
temperature,1700000567.500,2.27244
temperature,1700000567.750,2.17790
temperature,1700000568.000,2.32360
temperature,1700000568.250,2.26184
temperature,1700000568.500,2.18713
temperature,1700000568.750,2.23919
temperature,1700000569.000,2.28879
temperature,1700000569.250,2.21419
temperature,1700000569.500,2.25440
temperature,1700000569.750,2.26640
temperature,1700000570.000,2.19868
temperature,1700000570.250,2.24332
temperature,1700000570.500,2.20859
temperature,1700000570.750,2.30627
temperature,1700000571.000,2.22034
temperature,1700000571.250,2.28316
temperature,1700000571.500,2.20181
temperature,1700000571.750,2.21730
temperature,1700000572.000,2.21744
temperature,1700000572.250,2.26452
temperature,1700000572.500,2.29037
temperature,1700000572.750,2.30184
temperature,1700000573.000,2.19712
temperature,1700000573.250,2.27931
temperature,1700000573.500,2.25210
temperature,1700000573.750,2.31810
temperature,1700000574.000,2.27963
temperature,1700000574.250,2.29045
temperature,1700000574.500,2.25859
temperature,1700000574.750,2.38327
temperature,1700000575.000,2.23391
temperature,1700000575.250,2.27901
temperature,1700000575.500,2.30513
temperature,1700000575.750,2.28777
temperature,1700000576.000,2.26258
temperature,1700000576.250,2.21048
temperature,1700000576.500,2.26661
temperature,1700000576.750,2.25318
temperature,1700000577.000,2.38492
temperature,1700000577.250,2.41384
temperature,1700000577.500,2.29756
temperature,1700000577.750,2.22919
temperature,1700000578.000,2.33551
temperature,1700000578.250,2.24857
temperature,1700000578.500,2.26904
temperature,1700000578.750,2.26378
temperature,1700000579.000,2.26877
temperature,1700000579.250,2.27449
temperature,1700000579.500,2.22484
temperature,1700000579.750,2.25357
temperature,1700000580.000,2.33769
temperature,1700000580.250,2.28290
temperature,1700000580.500,2.28862
temperature,1700000580.750,2.16839
temperature,1700000581.000,2.32493
temperature,1700000581.250,2.24070
temperature,1700000581.500,2.32850
temperature,1700000581.750,2.27724
temperature,1700000582.000,2.23857
temperature,1700000582.250,2.17983
temperature,1700000582.500,2.36944
temperature,1700000582.750,2.29776
temperature,1700000583.000,2.29759
temperature,1700000583.250,2.34215
temperature,1700000583.500,2.25914
temperature,1700000583.750,2.31223
temperature,1700000584.000,2.21731
temperature,1700000584.250,2.27472
temperature,1700000584.500,2.20290
temperature,1700000584.750,2.20576
temperature,1700000585.000,2.23233
temperature,1700000585.250,2.16063
temperature,1700000585.500,2.23699
temperature,1700000585.750,2.20143
temperature,1700000586.000,2.11418
temperature,1700000586.250,2.18721
temperature,1700000586.500,2.18939
temperature,1700000586.750,2.24585
temperature,1700000587.000,2.21407
temperature,1700000587.250,2.26882
temperature,1700000587.500,2.21912
temperature,1700000587.750,2.16212
temperature,1700000588.000,2.18365
temperature,1700000588.250,2.16597
temperature,1700000588.500,2.20462
temperature,1700000588.750,2.18012
temperature,1700000589.000,2.14266
temperature,1700000589.250,2.17154
temperature,1700000589.500,2.19125
temperature,1700000589.750,2.11502
temperature,1700000590.000,2.17841
temperature,1700000590.250,2.08091
temperature,1700000590.500,2.21247
temperature,1700000590.750,2.18098
temperature,1700000591.000,2.23358
temperature,1700000591.250,2.09385
temperature,1700000591.500,2.20399
temperature,1700000591.750,2.19183
temperature,1700000592.000,2.13371
temperature,1700000592.250,2.12186
temperature,1700000592.500,2.08437
temperature,1700000592.750,2.06935
temperature,1700000593.000,2.09716
temperature,1700000593.250,2.07009
temperature,1700000593.500,2.21089
temperature,1700000593.750,2.05430
temperature,1700000594.000,2.13521
temperature,1700000594.250,2.14799
temperature,1700000594.500,2.14258
temperature,1700000594.750,2.14554
temperature,1700000595.000,2.16922
temperature,1700000595.250,2.09830
temperature,1700000595.500,2.12373
temperature,1700000595.750,2.10349
temperature,1700000596.000,2.18217
temperature,1700000596.250,2.22097
temperature,1700000596.500,2.05526
temperature,1700000596.750,2.01244
temperature,1700000597.000,2.14154
temperature,1700000597.250,2.16573
temperature,1700000597.500,2.20925
temperature,1700000597.750,2.14752
temperature,1700000598.000,2.17969
temperature,1700000598.250,2.19222
temperature,1700000598.500,2.18181
temperature,1700000598.750,2.15202
temperature,1700000599.000,2.04328
temperature,1700000599.250,2.10644
temperature,1700000599.500,2.12136
temperature,1700000599.750,2.10089
